{
	"partitions" : [
		{
			"name" : "Top",
			"pins" : [
				{
					"name" : "G29",
					"strict" : false
				},
				{
					"name" : "G30",
					"strict" : false
				},
				{
					"name" : "G34",
					"strict" : false
				},
				{
					"name" : "G39",
					"strict" : false
				},
				{
					"name" : "G44",
					"strict" : false
				},
				{
					"name" : "G56",
					"strict" : false
				},
				{
					"name" : "G86",
					"strict" : false
				},
				{
					"name" : "G92",
					"strict" : false
				},
				{
					"name" : "G98",
					"strict" : false
				},
				{
					"name" : "G102",
					"strict" : false
				},
				{
					"name" : "G107",
					"strict" : false
				},
				{
					"name" : "G113",
					"strict" : false
				},
				{
					"name" : "G119",
					"strict" : false
				},
				{
					"name" : "G125",
					"strict" : false
				},
				{
					"name" : "G117",
					"strict" : false
				},
				{
					"name" : "G118",
					"strict" : false
				},
				{
					"name" : "G132",
					"strict" : false
				},
				{
					"name" : "G133",
					"strict" : false
				},
				{
					"name" : "G66",
					"strict" : false
				},
				{
					"name" : "G67",
					"strict" : false
				},
				{
					"name" : "G10",
					"strict" : false
				},
				{
					"name" : "G0",
					"strict" : false
				},
				{
					"name" : "G11",
					"strict" : false
				},
				{
					"name" : "G13",
					"strict" : false
				},
				{
					"name" : "G12",
					"strict" : false
				},
				{
					"name" : "G14",
					"strict" : false
				},
				{
					"name" : "G23",
					"strict" : false
				},
				{
					"name" : "G22",
					"strict" : false
				},
				{
					"name" : "G15",
					"strict" : false
				},
				{
					"name" : "G16",
					"strict" : false
				},
				{
					"name" : "G17",
					"strict" : false
				},
				{
					"name" : "G18",
					"strict" : false
				},
				{
					"name" : "G19",
					"strict" : false
				},
				{
					"name" : "G20",
					"strict" : false
				},
				{
					"name" : "G21",
					"strict" : false
				},
				{
					"name" : "G2",
					"strict" : false
				},
				{
					"name" : "G1",
					"strict" : false
				}
			]
		}
	]
}